scenario,year,annual_S_patient_days,annual_C_patient_days,annual_I_patient_days,annual_Xtest_patient_days,annual_FN_patient_days,annual_Xtreat_patient_days,annual_hospital_bed_days,annual_general_ward_bed_days,annual_side_room_bed_days,annual_admitted_susceptible,annual_admitted_colonised,annual_admitted_infected,annual_total_admissions,annual_colonised_in_hospital,annual_decolonised_in_hospital,annual_total_colonised_incidence,annual_infected_in_hospital,annual_total_infected_incidence,annual_suspected_cases,annual_confirmed_cases,annual_recovered_cases,annual_first_test,annual_retest_false_negatives,annual_total_test,annual_false_negatives,annual_missed_untested_cases,annual_missed_false_negative_cases,annual_total_missed_cases,annual_discharges_susceptible,annual_discharges_colonised,annual_discharges_infected,annual_discharges_FN,annual_discharges_recovered,annual_discharges_while_infected,annual_total_discharges,annual_deaths_susceptible,annual_deaths_colonised,annual_deaths_infected,annual_deaths_suspected_cases,annual_deaths_FN,annual_deaths_confirmed_cases,annual_deaths_post_infection,annual_total_deaths,annual_total_exits
S1,1,332645.09429189534,23406.229489292873,5792.839017000652,7184.950721329396,0,39909.75520442511,408938.86872394336,369029.1135195183,39909.75520442511,44333.687999999995,4180.589,97.223,48611.49999999999,2367.3352362378573,234.06229489292872,6547.924236237857,3213.6753088799114,3310.8983088799114,2896.419508500326,2873.9802885317586,2752.396910650008,2896.419508500326,0,2896.419508500326,0,401.16206406603754,0,401.16206406603754,44352.67923891938,3120.830598572383,399.5061391034933,0,550.4793821300015,399.5061391034933,48423.49535872525,47.544503971995354,3.3454200588528966,1.6559249625442474,2.053870169563233,0,6.845095439188203,10.554890571295683,61.444814602143936,48484.9401733274
S1,2,332969.1343538869,23323.496432146778,5796.044081843921,7239.881171214022,0,41887.13923806951,411215.69527716114,369328.5560390916,41887.13923806951,44273.03999999999,4174.87,97.09,48544.99999999999,2373.8141438789307,233.2349643214678,6548.68414387893,3202.316060133753,3299.406060133753,2898.0220409219605,2895.9524684856087,2888.7682233151386,2898.0220409219605,0,2898.0220409219605,0,401.38401921172994,0,401.38401921172994,44395.88458051825,3109.799524286237,399.72717805820145,0,577.7536446630276,399.72717805820145,48483.16492752571,47.590818570583494,3.3335951372424604,1.6568411535284893,2.069572436258508,0,7.1842451623797405,10.910658752166738,61.8350724599927,48544.99999998571
S1,3,332969.1343539765,23323.49643215031,5796.044081844882,7239.881171215453,0,41887.139238194744,411215.69527738186,369328.5560391871,41887.139238194744,44273.03999999999,4174.87,97.09,48544.99999999999,2373.814143879695,233.23496432150313,6548.684143879694,3202.316060134238,3299.406060134238,2898.022040922441,2895.9524684861813,2888.7682233237756,2898.022040922441,0,2898.022040922441,0,401.38401921179656,0,401.38401921179656,44395.8845805302,3109.799524286708,399.7271780582677,0,577.7536446647549,399.7271780582677,48483.16492753992,47.5908185705963,3.3335951372429653,1.6568411535287642,2.0695724362589165,0,7.18424516240122,10.910658752188901,61.83507246002817,48544.99999999995
S1,4,332969.1343539765,23323.49643215031,5796.044081844882,7239.881171215453,0,41887.139238194744,411215.69527738186,369328.5560391871,41887.139238194744,44273.03999999999,4174.87,97.09,48544.99999999999,2373.814143879695,233.23496432150313,6548.684143879694,3202.316060134238,3299.406060134238,2898.022040922441,2895.9524684861813,2888.7682233237756,2898.022040922441,0,2898.022040922441,0,401.38401921179656,0,401.38401921179656,44395.8845805302,3109.799524286708,399.7271780582677,0,577.7536446647549,399.7271780582677,48483.16492753992,47.5908185705963,3.3335951372429653,1.6568411535287642,2.0695724362589165,0,7.18424516240122,10.910658752188901,61.83507246002817,48544.99999999995
S1,5,332969.1343539765,23323.49643215031,5796.044081844882,7239.881171215453,0,41887.139238194744,411215.69527738186,369328.5560391871,41887.139238194744,44273.03999999999,4174.87,97.09,48544.99999999999,2373.814143879695,233.23496432150313,6548.684143879694,3202.316060134238,3299.406060134238,2898.022040922441,2895.9524684861813,2888.7682233237756,2898.022040922441,0,2898.022040922441,0,401.38401921179656,0,401.38401921179656,44395.8845805302,3109.799524286708,399.7271780582677,0,577.7536446647549,399.7271780582677,48483.16492753992,47.5908185705963,3.3335951372429653,1.6568411535287642,2.0695724362589165,0,7.18424516240122,10.910658752188901,61.83507246002817,48544.99999999995
S2,1,325411.2338550898,24979.84868025615,6170.47410653566,10750.680903643077,12504.032948506867,29840.5504408538,409656.82093488536,379816.27049403155,29840.5504408538,44333.687999999995,4180.589,97.223,48611.49999999999,2813.683602952338,249.7984868025615,6994.272602952337,3429.7332237991695,3526.9562237991695,3085.23705326783,2150.1361807286157,2057.968995920952,3085.23705326783,1786.2904212152666,4871.527474483097,2687.670225910769,427.31381306804326,865.9214682216311,1293.2352812896745,43388.16451401197,3330.64649070082,425.54993838176966,862.3470998970253,411.59379918419023,1287.897038278795,48418.30184217578,46.51057828912097,3.570335276780355,1.7638746862735681,3.0731599515271513,3.574368324605892,5.1180824006383725,13.529485363044984,63.61039892894631,48481.91224110472
S2,2,325447.99711046956,24970.904697300582,6193.389024598482,10984.753008216012,12947.090887887403,31776.756266250773,412320.8909947228,380544.134728472,31776.756266250773,44273.03999999999,4174.87,97.09,48544.99999999999,2836.367278478652,249.70904697300583,7011.237278478652,3428.50521493937,3525.59521493937,3096.694512299241,2196.9506016432024,2191.5004321552256,3096.694512299241,1849.584412555343,4946.278924854584,2746.188252054003,428.9007026399798,896.6038394978086,1325.5045421377886,43393.066281395935,3329.4539596400778,427.130277558516,892.9028198543036,438.30008643104503,1320.0330974128196,48480.85342487988,46.51583281044541,3.569056925647411,1.7704250814638232,3.140071156872243,3.701019643505052,5.450169470500553,14.061685352341671,64.14657508843449,48544.99999996831
S2,3,325447.9971106608,24970.904697309208,6193.389024600823,10984.753008223983,12947.090887900798,31776.75626652654,412320.89099522214,380544.1347286956,31776.75626652654,44273.03999999999,4174.87,97.09,48544.99999999999,2836.3672784805285,249.7090469730921,7011.237278480528,3428.505214940554,3525.5952149405543,3096.6945123004116,2196.9506016447967,2191.500432174244,3096.6945123004116,1849.5844125572569,4946.278924857668,2746.1882520559957,428.9007026401419,896.6038394987364,1325.5045421388784,43393.066281421445,3329.453959641228,427.13027755867745,892.9028198552276,438.3000864348487,1320.033097413905,48480.85342491144,46.51583281047275,3.5690569256486437,1.7704250814644922,3.1400711568745217,3.701019643508882,5.450169470547851,14.061685352395747,64.14657508851714,48544.99999999995
S2,4,325447.9971106608,24970.904697309208,6193.389024600823,10984.753008223983,12947.090887900798,31776.75626652654,412320.89099522214,380544.1347286956,31776.75626652654,44273.03999999999,4174.87,97.09,48544.99999999999,2836.3672784805285,249.7090469730921,7011.237278480528,3428.505214940554,3525.5952149405543,3096.6945123004116,2196.9506016447967,2191.500432174244,3096.6945123004116,1849.5844125572569,4946.278924857668,2746.1882520559957,428.9007026401419,896.6038394987364,1325.5045421388784,43393.066281421445,3329.453959641228,427.13027755867745,892.9028198552276,438.3000864348487,1320.033097413905,48480.85342491144,46.51583281047275,3.5690569256486437,1.7704250814644922,3.1400711568745217,3.701019643508882,5.450169470547851,14.061685352395747,64.14657508851714,48544.99999999995
S2,5,325447.9971106608,24970.904697309208,6193.389024600823,10984.753008223983,12947.090887900798,31776.75626652654,412320.89099522214,380544.1347286956,31776.75626652654,44273.03999999999,4174.87,97.09,48544.99999999999,2836.3672784805285,249.7090469730921,7011.237278480528,3428.505214940554,3525.5952149405543,3096.6945123004116,2196.9506016447967,2191.500432174244,3096.6945123004116,1849.5844125572569,4946.278924857668,2746.1882520559957,428.9007026401419,896.6038394987364,1325.5045421388784,43393.066281421445,3329.453959641228,427.13027755867745,892.9028198552276,438.3000864348487,1320.033097413905,48480.85342491144,46.51583281047275,3.5690569256486437,1.7704250814644922,3.1400711568745217,3.701019643508882,5.450169470547851,14.061685352395747,64.14657508851714,48544.99999999995
S3,1,330315.8095413839,23774.196775035813,10446.163527727107,6478.648708721714,0,35980.06272048591,406994.8812733544,371014.8185528685,35980.06272048591,44333.687999999995,4180.589,97.223,48611.49999999999,2471.68299602794,237.74196775035813,6652.27199602794,3264.1972172124174,3361.4202172124174,2611.5408819317768,2591.4594834886857,2481.38363589558,2611.5408819317768,0,2611.5408819317768,0,723.4111823332056,0,723.4111823332056,44042.10793885118,3169.8929033381082,720.4250708777315,0,496.2767271791159,720.4250708777315,48428.702640246134,47.21158251915281,3.3980131148719876,2.9861114554740342,1.8519686269276023,0,6.171096815006166,11.009176897407803,61.618772531432604,48490.32141277757
S3,2,330569.4483362577,23699.91141818195,10496.706061733674,6555.756262634986,0,37929.05834913093,409250.88042793924,371321.82207880827,37929.05834913093,44273.03999999999,4174.87,97.09,48544.99999999999,2479.502536600759,236.99911418181952,6654.372536600758,3253.9978377163816,3351.0878377163817,2624.1765154334184,2622.302505053995,2615.797127526271,2624.1765154334184,0,2624.1765154334184,0,726.9113222828394,0,726.9113222828394,44075.92644483436,3159.9881890909264,723.9107628781843,0,523.1594255052541,723.9107628781843,48482.984822308725,47.2478347618501,3.3873956113987505,3.0005594046550987,1.874010379331042,0,6.505377519568256,11.379947303554397,62.01517767680325,48544.99999998552
S3,3,330569.44833634805,23699.911418185482,10496.706061735578,6555.756262636405,0,37929.05834925702,409250.8804281625,371321.8220789055,37929.05834925702,44273.03999999999,4174.87,97.09,48544.99999999999,2479.502536601523,236.99911418185482,6654.372536601523,3253.997837716867,3351.0878377168665,2624.1765154338946,2622.302505054562,2615.7971275349673,2624.1765154338946,0,2624.1765154338946,0,726.9113222829712,0,726.9113222829712,44075.92644484641,3159.9881890913975,723.9107628783157,0,523.1594255069933,723.9107628783157,48482.98482232311,47.24783476186301,3.3873956113992554,3.000559404655643,1.8740103793314475,0,6.505377519589882,11.379947303576973,62.015177676839244,48544.99999999995
S3,4,330569.44833634805,23699.911418185482,10496.706061735578,6555.756262636405,0,37929.05834925702,409250.8804281625,371321.8220789055,37929.05834925702,44273.03999999999,4174.87,97.09,48544.99999999999,2479.502536601523,236.99911418185482,6654.372536601523,3253.997837716867,3351.0878377168665,2624.1765154338946,2622.302505054562,2615.7971275349673,2624.1765154338946,0,2624.1765154338946,0,726.9113222829712,0,726.9113222829712,44075.92644484641,3159.9881890913975,723.9107628783157,0,523.1594255069933,723.9107628783157,48482.98482232311,47.24783476186301,3.3873956113992554,3.000559404655643,1.8740103793314475,0,6.505377519589882,11.379947303576973,62.015177676839244,48544.99999999995
S3,5,330569.44833634805,23699.911418185482,10496.706061735578,6555.756262636405,0,37929.05834925702,409250.8804281625,371321.8220789055,37929.05834925702,44273.03999999999,4174.87,97.09,48544.99999999999,2479.502536601523,236.99911418185482,6654.372536601523,3253.997837716867,3351.0878377168665,2624.1765154338946,2622.302505054562,2615.7971275349673,2624.1765154338946,0,2624.1765154338946,0,726.9113222829712,0,726.9113222829712,44075.92644484641,3159.9881890913975,723.9107628783157,0,523.1594255069933,723.9107628783157,48482.98482232311,47.24783476186301,3.3873956113992554,3.000559404655643,1.8740103793314475,0,6.505377519589882,11.379947303576973,62.015177676839244,48544.99999999995
S4,1,323718.19086611463,25193.707006592966,11051.139858832263,9627.143708553422,11196.602298792632,26717.165673434047,407503.94941232,380786.7837388859,26717.165673434047,44333.687999999995,4180.589,97.223,48611.49999999999,2874.338355545421,251.93707006592965,7054.92735554542,3459.095972005214,3556.318972005214,2762.7849647080657,1925.4287417106846,1842.5631498920034,2762.7849647080657,1599.514614113233,4362.299578821298,2406.7859271383554,765.3066247898305,775.3800986922345,1540.686723482065,43162.42544881529,3359.160934212395,762.1475764711905,772.1794688822504,368.5126299784005,1534.327045353441,48424.426058359524,46.26859399265798,3.600901752043155,3.1590483186399916,2.7519887119612347,3.200629809984055,4.582377114630396,13.694043955215678,63.56353969991682,48487.98959805944
S4,2,323674.1726526811,25192.972043670507,11138.824593607178,9878.051941888505,11642.68656666582,28575.28509814289,410101.99289665604,381526.7077985132,28575.28509814289,44273.03999999999,4174.87,97.09,48544.99999999999,2898.7185178941004,251.92972043670508,7073.5885178941,3458.995061595961,3556.085061595961,2784.7061484017945,1975.6103883777012,1970.7093171133026,2784.7061484017945,1663.2409380951171,4447.947086496912,2469.5129854721263,771.3789131938678,806.2720473761548,1577.6509605700226,43156.556353690816,3359.062939156068,768.1947995591156,802.943901149367,394.14186342266044,1571.1387007084825,48480.89985697802,46.262302530197424,3.600796704807571,3.1841136347521304,2.8237126465756934,3.3281462267879105,4.901071246789123,14.237043754904857,64.10014298990986,48544.99999996793
S4,3,323674.17265287373,25192.97204367927,11138.824593611878,9878.051941896512,11642.686566679282,28575.285098420685,410101.99289716134,381526.70779874065,28575.285098420685,44273.03999999999,4174.87,97.09,48544.99999999999,2898.718517896006,251.9297204367927,7073.588517896006,3458.9950615971643,3556.085061597164,2784.7061484029696,1975.6103883793028,1970.7093171324607,2784.7061484029696,1663.24093809704,4447.947086500009,2469.512985474128,771.3789131941934,806.272047377087,1577.6509605712806,43156.55635371649,3359.062939157236,768.1947995594398,802.9439011502953,394.14186342649214,1571.138700709735,48480.89985700995,46.26230253022495,3.600796704808823,3.184113634753474,2.8237126465779827,3.3281462267917585,4.901071246836769,14.237043754959984,64.10014298999377,48544.999999999935
S4,4,323674.17265287373,25192.97204367927,11138.824593611878,9878.051941896512,11642.686566679282,28575.285098420685,410101.99289716134,381526.70779874065,28575.285098420685,44273.03999999999,4174.87,97.09,48544.99999999999,2898.718517896006,251.9297204367927,7073.588517896006,3458.9950615971643,3556.085061597164,2784.7061484029696,1975.6103883793028,1970.7093171324607,2784.7061484029696,1663.24093809704,4447.947086500009,2469.512985474128,771.3789131941934,806.272047377087,1577.6509605712806,43156.55635371649,3359.062939157236,768.1947995594398,802.9439011502953,394.14186342649214,1571.138700709735,48480.89985700995,46.26230253022495,3.600796704808823,3.184113634753474,2.8237126465779827,3.3281462267917585,4.901071246836769,14.237043754959984,64.10014298999377,48544.999999999935
S4,5,323674.17265287373,25192.97204367927,11138.824593611878,9878.051941896512,11642.686566679282,28575.285098420685,410101.99289716134,381526.70779874065,28575.285098420685,44273.03999999999,4174.87,97.09,48544.99999999999,2898.718517896006,251.9297204367927,7073.588517896006,3458.9950615971643,3556.085061597164,2784.7061484029696,1975.6103883793028,1970.7093171324607,2784.7061484029696,1663.24093809704,4447.947086500009,2469.512985474128,771.3789131941934,806.272047377087,1577.6509605712806,43156.55635371649,3359.062939157236,768.1947995594398,802.9439011502953,394.14186342649214,1571.138700709735,48480.89985700995,46.26230253022495,3.600796704808823,3.184113634753474,2.8237126465779827,3.3281462267917585,4.901071246836769,14.237043754959984,64.10014298999377,48544.999999999935
