year,time,Sg,Cg,Ig,St,Ct,It,Sx,Cx,Ix,Sy,Cy,Iy,Tot_hos,Sdxa,Cdxa,Sdxb,Cdxb,Sda,Cda,Sdb,Cdb,Tot_com,new_case_s,new_case_c,new_case_acquired_c,new_case_import_c,new_case_i,new_case_acquired_i,new_case_import_i,new_case_known_c,new_case_known_i,new_dis_s,new_dis_c,new_dis_i,new_mort_hosp_s,new_mort_hosp_c,new_mort_hosp_i,new_readmit30_s_flag,new_readmit30_c_flag,new_readmit30_s,new_readmit30_c,new_readmit365_s_flag,new_readmit365_c_flag,new_readmit365_s,new_readmit365_c,new_admit_com_s,new_admit_com_c,new_admit_com_i,D,M,R,H,A,Anec,Aec,Aer,Asc,bed_c,screen_tests,clinical_tests,screen_test_c,screen_staff_c,inf_trt_c,inf_trt_meet_c,tox_initial_test_c,tox_ongoing_test_c,ppe_equip_c,ipc_staff_c,room_clean_c,stock_disp_c,infect_waste_c,mort_rev_c,outbreak_c,new_case_ci,new_dis_total,new_mort_hosp_total,new_readmit30_total,new_readmit365_total,new_readmit_total,new_readmit_flag_total,new_admit_com_total,hos_daily_costs,cum_case_s,cum_case_c,cum_new_case_known_c,cum_case_i,cum_new_case_known_i,cum_case_ci,cum_dis_s,cum_dis_c,cum_dis_i,cum_dis_total,cum_mort_hosp_s,cum_mort_hosp_c,cum_mort_hosp_i,cum_mort_hosp_total,cum_readmit30_s_flag,cum_readmit30_c_flag,cum_readmit30_s,cum_readmit30_c,cum_readmit30_total,cum_readmit365_s_flag,cum_readmit365_c_flag,cum_readmit365_s,cum_readmit365_c,cum_readmit365_total,cum_readmit_total,cum_readmit_flag_total,cum_admit_com_s,cum_admit_com_c,cum_admit_com_i,cum_admit_com_total,cum_hos_daily_costs
1,190,1.3932184009230782e-31,1.5583749276900603e-15,1.5191084141478158e-17,137.9427354124302,0.4183283424647652,0.08200171411934347,33.1706496464956,2.790759490460447,0.9081052440229753,460.7665383272815,3.8789574791584274,0.04192434358167114,640.0000000000144,148.2587248068527,4.213841612079747,1104.377985113988,16.239668168009597,2054.218868938683,4.099051544468591,15190.184123991583,15.865494287422523,18537.457758463064,88.23634003904745,0.4527923549300437,0.28069355933110124,0.17209879559894248,0.06989689835742854,0.06936020916230072,5.366891951278058e-4,0.1782771691314104,0.06150374759685674,86.08718302264406,0.3624726117375712,0.05277662103726768,1.8684641104722017,0.020959295886561008,0.017119862063843555,0.8069550900862182,0.049498366263097955,11.180875692818619,0.04814997177344877,0.33805334646088603,0.0049710101465336035,4.649759996748179,0.004856474422175008,71.26069591293356,0.06495709383100233,2.0256835781258786e-4,86.50243225541891,1.9065432684226062,17.08311994871916,71.32585557512236,88.40897552384152,2.0301185072486234,69.29573706787374,17.08311994871916,-1.4210854715202004e-14,382394.6084659486,88.40897552384152,0.04192434358167115,1294.0366650604012,0,284.1904595557351,28.401206709573938,10.344041987915851,21.827462031462385,992.1586319921454,1900.9921614832783,952.7082516044978,774.7522545222917,16.95997661525035,5.751588858968881,0,0.5226892532874723,86.5024322554189,1.9065432684226062,12.085479120941383,4.997640827777773,17.083119948719155,1.199477812956736,71.32585557512236,388676.73116637004,16764.9501661524,86.01642627388952,33.86171435257227,13.27727840530528,11.68268177739532,99.2937046791948,16356.616180520796,68.85365925926656,10.024399272809788,16435.49423905287,355.00929672693735,3.9813331285074725,3.251749154274429,362.2423790097193,153.32175685957276,9.398907171170785,2124.3772314933085,9.147573316933329,2296.2454688409853,59.5933870484852,0.920157693197701,822.7622806044394,0.9046765049776785,884.1805018511,3180.4259706920852,223.23420877242646,13604.895510146594,12.376541045311217,0.03859617860170048,13617.310647370507,73848426.44798999
2,418,2.066573108375255e-45,7.365830815958349e-22,7.180233312850782e-24,137.9431432413424,0.4181321398185588,0.0819929464902627,33.17074364582295,2.7895857791138283,0.9079060393233468,460.7678448919626,3.8787297267642034,0.0419215893760248,640.0000000000141,148.25895453135016,4.2125310465939405,1201.7872113197175,16.482134638316754,2054.2233166734577,4.0988238891902,16461.857844284765,16.044740304032977,19906.96555668747,88.23660294087763,0.4526814004130227,0.2806941349595146,0.17198726545350806,0.06988091655486876,0.06934457516591691,5.363413889518393e-4,0.17819535827317454,0.061488606119673495,86.08742939770137,0.36239090933831986,0.05276584478035802,1.8684694578762648,0.020954571599249086,0.017116366424520083,0.8069563404500857,0.049482971557648595,11.18089990132453,0.04814729759501757,0.3678705968397167,0.005045229845582959,5.039023059346356,0.00491134215457434,70.84185304291694,0.06473489027246049,2.0187541717594178e-4,86.50258615182005,1.9065403959000342,17.502336739113513,70.90678980860658,88.40912654772009,2.0301219751812525,68.87666783342533,17.502336739113513,-1.4210854715202004e-14,382394.2698010129,88.40912654772009,0.0419215893760248,1294.0388342457163,0,284.1324317899696,28.394712823739823,10.34167684095503,21.823005165260764,992.1242163432399,1900.926220537252,952.6752043964816,774.7374508935541,16.959388313559657,5.750414463981768,0,0.5225623169678915,86.50258615182004,1.9065403959000342,12.08548651092728,5.41685022818623,17.50233673911351,1.229355138693034,70.90678980860658,388676.1733568266,4676.538021649728,23.992878802413387,9.444923189909032,3.703809839854375,3.25901164631978,27.69668864226776,4562.631857213079,19.207339372207837,2.796682099515997,4584.635878684802,99.02884001045021,1.1106282131659584,0.9071973695762965,101.04666559319247,42.768675888463015,2.622742060266849,592.5874486454235,2.551831055787442,640.5306976499407,19.37791162650595,0.26723464945467473,265.513199887565,0.2601763561466441,285.41852251967225,925.949220169613,65.0365642246905,3756.2907856017705,3.4318363429021312,0.010702163709353785,3759.733324108382,20599841.85572877
2,423,1.0279886241252502e-45,5.351872099359179e-22,5.2170204955943865e-24,137.9431539823435,0.4181273206391377,0.0819927161702179,33.170746253639244,2.7895536629831605,0.9078998877824186,460.76788113441495,3.878723527478201,0.04192151456343221,640.0000000000141,148.25896118395866,4.212486818280167,1203.091642192483,16.483722906797002,2054.2234798040013,4.098816472885226,16478.868577398414,16.04597651622073,19925.283663293085,88.23660979493091,0.4526787030408618,0.2806941509170147,0.17198455212384706,0.06988048599891161,0.06934415307146416,5.363329274474646e-4,0.1781933488336417,0.06148819580317584,86.08743615400513,0.36238870349608654,0.05276551459520437,1.868469604517271,0.020954444050577677,0.017116259317922978,0.8069563766594643,0.049482452024767226,11.180900789225209,0.04814721047855385,0.36826988696294366,0.005045716019231893,5.044230094738526,0.004911720562757624,70.83625264734476,0.0647319198121729,2.0186615381105093e-4,86.50259037209642,1.9065403078857717,17.507944246671453,70.90118643331074,88.4091306799822,2.030122070069602,68.87106436324115,17.507944246671453,-1.4210854715202004e-14,382394.25942429923,88.40913067998221,0.04192151456343221,1294.0388936062027,0,284.13065381576985,28.394537875937754,10.34161312297893,21.822868606614854,992.1232567365338,1900.924381915113,952.6742829458207,774.737022158022,16.95937191002622,5.750378480449403,0,0.5225591890397734,86.50259037209642,1.906540307885772,12.085486828387994,5.422457418283459,17.507944246671453,1.229754431666407,70.90118643331076,388676.15668547276,5117.721056935994,26.256277703567093,10.335893946521347,4.053213129795871,3.5664534448707466,30.309490833362965,4993.069024488168,21.019287295428633,3.060510332173331,5017.148822115771,108.37118774013811,1.215400688172483,0.9927788801556069,110.57936730846619,46.80345769942648,2.8701553585877697,648.4919508169429,2.792567282254679,700.9581311572118,21.21846563510094,0.2924622663704358,290.72397747391216,0.2847342087278842,312.5196395841114,1013.4777707413233,71.18454095948563,4110.483205310611,3.7555018593699683,0.011711512931811776,4114.250418682913,22543222.67246216
2,504,1.2564244462855106e-50,3.0290490655731774e-24,2.952725843195778e-26,137.94331512435014,0.41805547968590034,0.0819892615708063,33.17078555157528,2.789070253517673,0.9078064068474042,460.7684272755413,3.878630257737548,0.04192038918803528,640.0000000000141,148.25906178925678,4.211810493020999,1220.9980869766366,16.501136955778026,2054.2259877170704,4.098703338772246,16712.340504828248,16.06001458158886,20176.695306680405,88.2367125307035,0.45263853196744747,0.28069439136992463,0.17194414059752275,0.06987401386878787,0.06933780696447417,5.362069043137092e-4,0.1781633935434832,0.06148202482222849,86.08753786804724,0.3623555390924203,0.05276049989897602,1.8684718121517938,0.02095252638141639,0.01711463263349275,0.806956924242465,0.04947450749374942,11.180914439505955,0.04814588153592224,0.3737511023295062,0.005051046510796212,5.115696537782646,0.004916017655817699,70.75939352684293,0.0646911552757338,2.0173902981709664e-4,86.50265390703863,1.906538971166703,17.584906457056857,70.82428642114847,88.40919287820533,2.0301234983155823,68.7941629228329,17.584906457056857,-1.4210854715202004e-14,382394.10182766913,88.40919287820535,0.04192038918803528,1294.0397871019652,0,284.1036507830319,28.391908055304576,10.340655312441918,21.820794618372098,992.108790123315,1900.8966636476448,952.6603915565388,774.7305388598613,16.959124617492563,5.749831979548223,0,0.5225125458362353,86.50265390703863,1.906538971166703,12.08549175277809,5.499414704278766,17.584906457056857,1.2352335805765169,70.82428642114849,388675.90396432474,12264.890775951439,62.921558297044996,24.768292073146135,9.713260202397134,8.54673771673111,72.63481849944212,11966.155630495503,50.371377066613896,7.334306623526238,12023.861314185644,259.7173185469973,2.9126299807640414,2.3791276375961776,265.00907616535756,112.16694720911977,6.877901271964716,1554.1454855735876,6.692435641580214,1679.8827696962524,51.28487404735916,0.7014121311535537,702.3909769171914,0.6827801914631809,755.0600432871673,2434.9428129834196,171.0311346595972,9844.90249220418,8.997027978644493,0.02805718475597939,9853.927577367582,54025980.755736515
2,548,2.694180504130269e-53,1.8222392210499866e-25,1.776324095120292e-27,137.94339091093653,0.41802192553942996,0.08198763723714651,33.17080412230956,2.7888420946578547,0.9077618355834857,460.76868535793903,3.8785862574220533,0.04191985838875927,640.000000000014,148.2591095114303,4.211485907677077,1228.5737128825924,16.50604943801684,2054.2271979979027,4.098649179409023,16811.09392706765,16.064340310219258,20283.034472294945,88.23676080138513,0.4526197897987928,0.2806945049912296,0.17192528480756322,0.0698709635032808,0.06933481540064959,5.361481026312125e-4,0.1781494025936297,0.06147911482200642,86.08758588435765,0.3623399053455535,0.05275811037713197,1.8684728543133509,0.02095162238945731,0.01711385751216886,0.8069571839887354,0.0494706947153595,11.180921026924533,0.048145245346847235,0.3760700236803151,0.005052550236044854,5.145925250517307,0.004917341774062628,70.72688731627424,0.06467391556999544,2.016852678848021e-4,86.50268390008034,1.906538334214977,17.617459317183208,70.79176291711211,88.40922223429531,2.030124172413899,68.76163874469822,17.617459317183208,-1.4210854715202004e-14,382394.0267322748,88.40922223429533,0.04191985838875927,1294.0402088159683,0,284.0907837351301,28.390668600288087,10.340203888850526,21.819806355078626,992.1019506941448,1900.8835591895245,952.6538240779153,774.7274636756064,16.959007704173416,5.74957156978825,0,0.5224907533020736,86.50268390008033,1.9065383342149769,12.085494150975475,5.53196516620773,17.617459317183204,1.2375504526204548,70.79176291711212,388675.7837805812,16147.307233765603,82.83722383751308,32.60716052526638,12.787646910275937,11.251880126218449,95.62487074778902,15754.008396883584,66.31466252886875,9.655713911132148,15829.978773323586,341.93010216064334,3.834520425963351,3.1321537271169686,348.89677631372365,147.67305782492105,9.054692360441633,2046.1058715713557,8.81083986929056,2211.6444616260087,67.78357533837323,0.9236946001320193,928.1810374299871,0.8991166604098938,997.7874240289023,3209.431885654911,225.43502012386793,12957.563691600966,11.843039923293768,0.03693245813939943,12969.443663982398,71127717.77811015
3,778,3.021348171569423e-67,7.579947858696184e-32,7.388955229159861e-34,137.94365793231864,0.4179044968437345,0.08198191551788975,33.170869854423856,2.788035470079301,0.9076027335948272,460.7695988427544,3.8784307714624466,0.04191798301910227,640.0000000000141,148.2592790357392,4.2103201623285065,1252.385336895022,16.512063576984715,2054.231566947789,4.0984551216352205,17121.443835797625,16.07198110388185,20617.212838641004,88.23693071549243,0.45255426742902943,0.2806949071336097,0.1718593602954197,0.06986019406527035,0.0693242515478859,5.359425173844457e-4,0.17810043882804957,0.06146883562413043,86.08775567159358,0.36228469923606343,0.05274958562208859,1.8684765394305267,0.020948430200182652,0.017111092222773627,0.8069581066899401,0.049457001156003204,11.18094480661341,0.048142965825297035,0.383358831761037,0.005054391181655483,5.240924269543542,0.004919680643455239,70.6247447008845,0.06461974766085013,2.015163455430752e-4,86.50278995645174,1.9065360618534828,17.719760053414337,70.68956596489089,88.40932601830522,2.030126555586399,68.6594394093045,17.719760053414337,-1.4210854715202004e-14,382393.75882518647,88.40932601830522,0.04191798301910227,1294.041699739375,0,284.0448798101391,28.386292654541297,10.338610119719359,21.816280669587975,992.0777318434168,1900.8371554755322,952.6305682212519,774.7165402309943,16.958593706725075,5.748642543163028,0,0.5224144614942998,86.50278995645174,1.9065360618534828,12.08550288028465,5.63425717312969,17.71976005341434,1.2448283307886356,70.6895659648909,388675.3558202009,4235.372090294062,21.722829186094067,8.548988816893862,3.353326395228144,2.9505395123900624,25.07615558132221,4132.21168713566,17.38985566301633,2.53200963199565,4152.133552430672,89.68686119344726,1.0055356417649268,0.8213420031850712,91.51373883839726,38.73398593326308,2.373983652001246,536.6852678336589,2.310870272708408,580.1041076916317,18.377862751967633,0.24261120699501404,251.25989735536234,0.23614104846975859,270.11651236279477,850.2206200544265,59.72844354422697,3390.31507641981,3.101921468935015,0.00967332589817743,3393.426671214643,18656418.559910674
3,1012,1.932106731427281e-81,2.441924631011721e-38,2.3803952359418892e-40,137.94377874799437,0.41785166364560417,0.08197932719323732,33.17089970855658,2.787669475844884,0.907529971826019,460.7700137238029,3.8783602486039666,0.041917132546167635,640.0000000000146,148.2593562579028,4.209784400503117,1262.0749655544819,16.510463337755333,2054.2335830583806,4.098366102880174,17247.74172059471,16.072660441450903,20753.200899748077,88.23700753434993,0.45252481395137106,0.28069508976824487,0.17182972418312623,0.0698553130981491,0.06931946300082605,5.358500973230609e-4,0.17807840920271803,0.06146417484884959,86.08783272211906,0.3622596745543306,0.05274568883290327,1.868478211760094,0.02094698319510717,0.017109828168879435,0.8069585270012442,0.04945070776923069,11.180955780070157,0.04814192015644016,0.38632485556669593,0.005053901343725062,5.2795844232065825,0.004919888590681361,70.58318394850525,0.06459770880289237,2.0144761747965253e-4,86.5028380855063,1.9065350231240807,17.761390003704758,70.64798310492561,88.40937310863038,2.0301276369125887,68.61785546801303,17.761390003704758,-1.4210854715202004e-14,382393.63636096986,88.40937310863038,0.041917132546167635,1294.042376228413,0,284.0238964601708,28.384309371170925,10.337887785395086,21.814669027608716,992.0667282940818,1900.8160724950897,952.6200021969183,774.7115645733405,16.958405611864645,5.748217871616735,0,0.5223801270495202,86.5028380855063,1.9065350231240807,12.085506934997072,5.675883068707685,17.761390003704758,1.2477879916808956,70.64798310492563,388675.1604908856,24882.824189381452,127.6165725037467,50.22153336688416,19.699956732490865,17.333621545366082,147.31652923623756,24276.756854288396,102.16111676236615,14.874889995877128,24393.79286104664,526.9105958428969,5.907274108406785,4.825168037272414,537.643037988576,227.56223928843494,13.946078117847177,3153.027823461173,13.576184056138539,3408.1123249235934,108.48512487345589,1.4252858824327896,1482.8666100827074,1.387382077584844,1594.164402916181,5002.276727839774,351.4187281621708,19910.88239167568,18.219960667592094,0.05681885217103963,19929.159171195442,109606425.61973906
3,1076,2.53425853473483e-85,4.0941178499034964e-40,3.990957993350187e-42,137.94379705329584,0.41784367115043747,0.08197893504629035,33.170904236624224,2.7876139792965957,0.9075189149236358,460.77007664989765,3.8783495561733266,0.041917003605745455,640.0000000000146,148.25936797992912,4.209702876825657,1263.4974152721175,16.51003481679476,2054.233890175819,4.098352564343672,17266.28651077263,16.072652130299016,20773.16792658878,88.2370191709937,0.45252035939323815,0.2806951174685829,0.1718252419246553,0.0698545732159511,0.06931873709652767,5.35836119423432e-4,0.1780750766080746,0.0614634682609895,86.08784440596972,0.3622558810186697,0.05274509675088356,1.868478465350174,0.02094676384105448,0.017109636107275093,0.8069585908028776,0.04944975014214892,11.180957451674848,0.04814176112449255,0.38676027160513626,0.005053770172199821,5.285261037973957,0.004919886046613346,70.57708181893689,0.06459447303187944,2.014375267446506e-4,86.50284538373928,1.9065348652985037,17.767502519542276,70.6418777294955,88.40938024903778,2.030127800876407,68.6117499286191,17.767502519542276,-1.4210854715202004e-14,382393.61775363534,88.40938024903778,0.041917003605745455,1294.0424788061748,0,284.02070822913265,28.38400873483741,10.337778290228602,21.81442415312545,992.0650591910243,1900.8128744663402,952.6183994610207,774.7108092968289,16.95837708018845,5.748153346600141,0,0.5223749326091892,86.50284538373927,1.9065348652985037,12.085507553744367,5.681994965797906,17.767502519542273,1.2482223827223626,70.6418777294955,388675.13082469086,30529.993064984108,156.57800999061632,61.618438883834855,24.170671757955905,21.26730484854792,180.74868174857224,29786.37854348862,125.3456076879491,18.250594066755397,29929.974745243326,646.4932099684166,7.247873617316421,5.9201905477317744,659.6612741334649,279.20758717330943,17.110891045760553,3868.6090498862,16.65726157051397,4181.584789675784,133.2246538836019,1.7487312083321473,1820.952155848831,1.7022549041241315,1957.627795844889,6139.212585520673,431.291863311004,24427.999618192167,22.354104505814952,0.06971115813609101,24450.42343385612,134481634.88831952
4,1264,9.998770371292421e-97,2.49125301462239e-45,2.428480687823712e-47,137.94383074958492,0.41782896627732424,0.08197821319756887,33.17091257477257,2.7875117950793324,0.9074985415285073,460.7701925241837,3.8783298691869263,0.04191676620290502,640.0000000000141,148.2593895711206,4.209552594917114,1266.0875176553964,16.509129274828336,2054.234456526961,4.098327611438318,17300.061208026516,16.072571116514112,20809.532152377713,88.2370405901169,0.45251216441817654,0.28069516847673637,0.1718169959414403,0.0698532110329647,0.06931740062859686,5.358104043678484e-4,0.1780689451839642,0.06146216732437093,86.08786591941978,0.36224889671128013,0.052744005829505274,1.868478932285064,0.0209463599866379,0.017109282230441916,0.8069587083212354,0.049447984838742534,11.180960534258604,0.04814146801237249,0.38755310955568034,0.005053492983142961,5.2955995720504045,0.004919861248055728,70.56596866593098,0.06458858011378404,2.0141914971035137e-4,86.50285882196057,1.9065345745021436,17.778634731268237,70.63075866519448,88.40939339646272,2.030128102778228,68.60063056241626,17.778634731268237,-1.4210854715202004e-14,382393.5834692988,88.40939339646272,0.04191676620290502,1294.0426676797981,0,284.01483385821354,28.383455239024546,10.337576700768446,21.81397296764795,992.0619855452468,1900.806985310774,952.6154480300697,774.7094181333849,16.95832453923499,5.748034458139266,0,0.5223653754511413,86.50285882196057,1.9065345745021438,12.085508695430955,5.693126035837284,17.778634731268237,1.2490132956988012,70.63075866519446,388675.07617176115,14912.058477065862,76.47508471399205,30.094047485303552,11.805280603037227,10.387190263354448,88.28036531702928,14548.84795149069,61.22051443212093,8.913807427629363,14618.98227335044,315.7729094112301,3.5399609094860067,2.891491547306897,322.204361868023,136.37601411864304,8.356823442018488,1889.5821311938655,8.135927022511948,2042.450895777039,65.44545683710679,0.8540588771796688,894.2909953376413,0.8314585211355829,961.4219695730634,3003.8728653501025,211.03235327494798,11926.363879578606,10.915849270822354,0.034041018932790795,11937.313769868362,65686091.40190967
4,1402,4.2559405238174755e-105,3.696927160782756e-49,3.6037753538304063e-51,137.943843713856,0.4178233112513909,0.08197793547859576,33.170915783734586,2.787472472162487,0.9074906965700383,460.7702371187221,3.87832229338976,0.0419166748484097,640.0000000000138,148.2593978824644,4.209494705674936,1267.0746131056212,16.508742101017532,2054.2346747553975,4.098318000852984,17312.937089400162,16.072518978008134,20823.3948489292,88.23704883038086,0.452509013113663,0.2806951881072972,0.17181382500636577,0.0698526868787469,0.06931688636292353,5.358005158233816e-4,0.178066587233658,0.0614616667203699,86.08787419840773,0.36224620918735284,0.05274358577553015,1.8684791119749005,0.020946204585630013,0.017109145971887046,0.8069587535589183,0.04944730483622326,11.180961722050743,0.04814135512054678,0.3878552623735766,0.0050533744681017624,5.299540917174688,0.004919845288305839,70.56173217522294,0.06458633366484044,2.0141214417105497e-4,86.50286399337062,1.9065344625324177,17.782878534871102,70.62651992103194,88.40939845590304,2.030128218957195,68.59639170207475,17.782878534871102,-1.4210854715202004e-14,382393.5702682813,88.40939845590304,0.0419166748484097,1294.042740362894,0,284.012571960239,28.38324225944123,10.337499131185755,21.813799240872473,992.0608026108898,1900.8047187892041,952.61431213175,774.7088826187841,16.95830431813487,5.747988680715172,0,0.5223616999924099,86.50286399337061,1.9065344625324174,12.085509135566431,5.697369399304672,17.782878534871102,1.24931469523682,70.62651992103194,388675.0551303854,27088.770702202102,138.92152487486968,54.66738344350897,21.444984053319597,18.868931464425344,160.36650892818926,26428.97407498691,111.21065876474626,16.19244844068344,26556.37718219234,573.6230156668519,6.430546825637812,5.252562182498353,585.306124674988,247.73631929082208,15.180593886077071,3432.5547748133463,14.77944106428521,3710.2511290545303,118.95067345549123,1.5514320116670297,1625.382273010818,1.5103982035339905,1747.3947766815102,5457.645905736041,383.4190186440574,21664.146661631625,19.82890316870556,0.06183633095654957,21684.03740113129,119323250.32109958
