param,low,baseline,high,exp_ss_I,exp_yr_confirmed,exp_yr_missed,notes
prop_adm_C,0,0.086,0.99,increases,increases,increases,More colonised admissions -> more C -> more progression to I. High capped at 0.99 (joint constraint with prop_adm_I baseline)
prop_adm_I,0,0.002,0.9,increases,increases,increases,More infected admissions -> directly increases I. High capped at 0.90 (joint constraint with prop_adm_C baseline)
beta0,0,0.005,0.025,increases,increases,increases,Higher background transmission -> more S->C -> more I
betaC,0,0.008,0.04,increases,increases,increases,More transmission from C -> more S->C -> more I
betaI,0,0.04,0.2,increases,increases,increases,More transmission from I -> more S->C -> more I
betaXtreat,0,0.004,0.02,increases,increases,increases,More transmission from Xtreat -> more S->C -> more I
prop_progress_C_to_I,0,0.5,1,increases,increases,increases,Higher progression proportion -> higher alpha -> more I
abx_prop,0,0.373,1,increases,increases,increases,More C on antibiotics -> higher effective alpha -> more I
abx_mult,1,2,10,increases,increases,increases,Higher antibiotic RR -> higher effective alpha -> more I. Low = 1.0 (no abx effect; must be > 0)
t_progress_C_to_I,0.5,5,25,decreases,decreases,decreases,Slower progression (lower alpha) -> C discharged before progressing. Low > 0 required
prop_decolonise_C_to_S,0,0.05,1,decreases,decreases,decreases,More decolonisation -> lower C -> lower alpha*C -> less I
t_decolonise_C_to_S,0.5,5,25,increases,increases,increases,Slower decolonisation (lower mu) -> C persists longer -> more I. Low > 0 required
losS,1,7,35,complex,complex,complex,Longer S LOS: lower throughput vs longer exposure time; net effect unclear. Low > 0 required
losC,1,7,35,increases,increases,increases,Longer C LOS -> more C in hospital at any time -> more I. Low > 0 required
losI,1,14,70,increases,increases,decreases,Longer I LOS -> lower disI -> smaller missed fraction (disI+mortI)/(gamma+disI+mortI) -> fewer I exit before identification. ss_I and confirmed both increase. Low > 0 required
losXtreat,1,14,70,complex,complex,complex,"Longer Xtreat LOS -> more Xtreat occupancy -> more betaXtreat transmission -> more I (detectable in S1/S3 where test_sens=1). In S2/S4 (test_sens=0.5) FN transmission dominates and dilutes betaXtreat effect below 1% threshold. Note: confirmed_cases = theta*Xtest (inflow), not outflow. Low > 0 required"
t_patient_transfer,0.1,0.5,2.5,increases,complex,complex,Longer transfer -> slower gamma (I->Xtest) -> I accumulates; also affects discharge and recovery rates. Low > 0 required
prop_Xtreat_to_S,0,0.8,1,complex,complex,complex,More return to ward vs discharge -> more S in hospital; net effect on I depends on transmission dynamics
prob_mort_S,0,0.001,0.005,complex,complex,complex,Higher S mortality -> more exits from S -> more admissions needed; small indirect effect on C and I
mortI_mult,0,2,10,complex,complex,complex,"Higher I mortality -> more I deaths counted as missed (missed = (disI+mortI)*I); detectable in S1/S3 (test_sens=1). In S2/S4 (test_sens=0.5) FN pathway dominates total missed cases, diluting the extra I deaths below 1% threshold. Effect on ss_I/confirmed also directionally negative but mortI <2% of disI, undetectable at 1%"
mortXtreat_mult,0,1.2,6,complex,complex,complex,Higher Xtreat mortality multiplier -> lower Xtreat; small indirect effect on I
t_identify_suspected,0.5,2,10,increases,complex,complex,Slower identification -> I stays in I longer -> higher ss_I; effect on confirmed depends on test dynamics. Low > 0 required
prop_I_suspected,0,1,1,decreases,increases,decreases,HIGH(=1) vs LOW(=0): at low=0 gamma=0 so confirmed=0 and all infected are missed; at high=1 gamma>0 so confirmed>0 and fewer missed. High = baseline so only low tested.
test_sens,0,1,1,decreases,increases,decreases,"Lower sensitivity -> more false negatives return to I; fewer confirmed, more missed. High = baseline."
t_test_turnaround,1,2,10,complex,complex,complex,"Longer turnaround -> lower theta but large Xtest accumulation; betaXtest=betaI (no pre-test isolation) so Xtest drives transmission -> more I -> more confirmed, offsetting slower processing. Net direction of confirmed depends on betaXtest magnitude. Low > 0 required"
